circuit_name,circuitId,compound,air_temp,track_temp,base_time,degradation_rate
Bahrain Grand Prix,1,SOFT,27.43167701863354,31.01180124223602,98.08131868131869,0.019802197802197486
Bahrain Grand Prix,1,SOFT,27.43167701863354,31.01180124223602,97.61404736842103,0.0007383458646616737
Bahrain Grand Prix,1,HARD,27.43167701863354,31.01180124223602,96.66298089535215,0.012668377530653223
Bahrain Grand Prix,1,SOFT,27.43167701863354,31.01180124223602,98.74330357142857,0.013917857142857416
Bahrain Grand Prix,1,SOFT,27.43167701863354,31.01180124223602,97.28779761904762,0.026453571428571413
Bahrain Grand Prix,1,HARD,27.43167701863354,31.01180124223602,96.96453156720581,0.0061693809258229
Bahrain Grand Prix,1,SOFT,27.43167701863354,31.01180124223602,99.02207492795388,0.09266954851104688
Bahrain Grand Prix,1,HARD,27.43167701863354,31.01180124223602,97.88687719298248,0.03640701754385956
Bahrain Grand Prix,1,HARD,27.43167701863354,31.01180124223602,96.81906458449527,0.021970217512548917
Bahrain Grand Prix,1,SOFT,27.43167701863354,31.01180124223602,98.08193636363636,0.16984545454545427
Bahrain Grand Prix,1,HARD,27.43167701863354,31.01180124223602,98.120175,0.02796470588235275
Bahrain Grand Prix,1,HARD,27.43167701863354,31.01180124223602,97.43974194805195,0.020934155844155804
Bahrain Grand Prix,1,SOFT,27.43167701863354,31.01180124223602,98.31975555555555,0.17268333333333363
Bahrain Grand Prix,1,HARD,27.43167701863354,31.01180124223602,98.62927499999999,0.0
Bahrain Grand Prix,1,HARD,27.43167701863354,31.01180124223602,97.24061110804547,0.032902411433616226
Bahrain Grand Prix,1,SOFT,27.43167701863354,31.01180124223602,99.43951700680272,0.042850340136053836
Bahrain Grand Prix,1,HARD,27.43167701863354,31.01180124223602,97.90284615384616,0.07125274725274694
Bahrain Grand Prix,1,HARD,27.43167701863354,31.01180124223602,97.13226194680499,0.028552643196115016
Bahrain Grand Prix,1,SOFT,27.43167701863354,31.01180124223602,98.43102222222223,0.17256666666666623
Bahrain Grand Prix,1,HARD,27.43167701863354,31.01180124223602,98.09185000000001,0.04197352941176455
Bahrain Grand Prix,1,HARD,27.43167701863354,31.01180124223602,97.43519805194806,0.012155844155843974
Bahrain Grand Prix,1,SOFT,27.43167701863354,31.01180124223602,99.5705890410959,0.11477739726027392
Bahrain Grand Prix,1,HARD,27.43167701863354,31.01180124223602,98.818275,0.053489705882353245
Bahrain Grand Prix,1,HARD,27.43167701863354,31.01180124223602,97.61995920647531,0.012619103188002637
Bahrain Grand Prix,1,HARD,27.43167701863354,31.01180124223602,98.76973626373625,0.04772087912087917
Bahrain Grand Prix,1,HARD,27.43167701863354,31.01180124223602,97.9995,0.014225274725274873
Bahrain Grand Prix,1,SOFT,27.43167701863354,31.01180124223602,95.251125,0.1627279411764706
Bahrain Grand Prix,1,SOFT,27.43167701863354,31.01180124223602,98.5725,0.1044670329670329
Bahrain Grand Prix,1,HARD,27.43167701863354,31.01180124223602,97.76492424242423,0.0428706293706296
Bahrain Grand Prix,1,SOFT,27.43167701863354,31.01180124223602,97.18355000000001,0.05590588235294131
Bahrain Grand Prix,1,HARD,27.43167701863354,31.01180124223602,98.85261538461539,0.06172747252747205
Bahrain Grand Prix,1,HARD,27.43167701863354,31.01180124223602,97.81192424242425,0.0366783216783217
Bahrain Grand Prix,1,SOFT,27.43167701863354,31.01180124223602,96.46155441176471,0.08859852941176435
Bahrain Grand Prix,1,SOFT,27.43167701863354,31.01180124223602,98.859925,0.0675897058823532
Bahrain Grand Prix,1,HARD,27.43167701863354,31.01180124223602,97.72039285714285,0.03269047619047699
Bahrain Grand Prix,1,SOFT,27.43167701863354,31.01180124223602,96.54987619047618,0.12648214285714302
Bahrain Grand Prix,1,HARD,27.43167701863354,31.01180124223602,98.38848484848484,0.09591258741258753
Bahrain Grand Prix,1,SOFT,27.43167701863354,31.01180124223602,97.55313888888888,0.06634999999999992
Bahrain Grand Prix,1,SOFT,27.43167701863354,31.01180124223602,96.46164761904762,0.16716071428571405
Bahrain Grand Prix,1,HARD,27.43167701863354,31.01180124223602,98.65253433307025,0.08013101815311797
Bahrain Grand Prix,1,HARD,27.43167701863354,31.01180124223602,97.88163440177723,0.06996720617793287
Bahrain Grand Prix,1,HARD,27.43167701863354,31.01180124223602,98.9843076923077,0.08862637362637399
Bahrain Grand Prix,1,HARD,27.43167701863354,31.01180124223602,97.24359090909091,0.09290909090909125
Bahrain Grand Prix,1,SOFT,27.43167701863354,31.01180124223602,96.3772892857143,0.12024642857142856
Bahrain Grand Prix,1,HARD,27.43167701863354,31.01180124223602,98.9505751633987,0.02733126934984543
Bahrain Grand Prix,1,SOFT,27.43167701863354,31.01180124223602,97.49737626066718,0.07066356348590634
Bahrain Grand Prix,1,HARD,27.43167701863354,31.01180124223602,99.6238,0.0
Bahrain Grand Prix,1,SOFT,27.43167701863354,31.01180124223602,98.03017857142856,0.05247619047619103
Bahrain Grand Prix,1,MEDIUM,27.43167701863354,31.01180124223602,96.68897222222223,0.31118333333333276
Bahrain Grand Prix,1,HARD,27.43167701863354,31.01180124223602,96.52428822055138,0.20806265664160523
Bahrain Grand Prix,1,SOFT,27.43167701863354,31.01180124223602,95.47057142857143,0.2172571428571428
Bahrain Grand Prix,1,SOFT,27.43167701863354,31.01180124223602,99.6405,0.08321428571428563
Bahrain Grand Prix,1,HARD,27.43167701863354,31.01180124223602,98.43046770098731,0.08580169252468296
Bahrain Grand Prix,1,HARD,27.43167701863354,31.01180124223602,96.76433333333334,0.12457142857142775
Bahrain Grand Prix,1,SOFT,27.43167701863354,31.01180124223602,98.98839743589744,0.0
Bahrain Grand Prix,1,HARD,27.43167701863354,31.01180124223602,97.76228758169935,0.059297213622290505
Bahrain Grand Prix,1,HARD,27.43167701863354,31.01180124223602,97.9171,0.0
Saudi Arabian Grand Prix,2,MEDIUM,26.09189189189189,31.79256756756757,95.70423529411765,0.0
Saudi Arabian Grand Prix,2,HARD,26.09189189189189,31.79256756756757,93.28870960326286,0.0
Saudi Arabian Grand Prix,2,MEDIUM,26.09189189189189,31.79256756756757,96.953375,0.0
Saudi Arabian Grand Prix,2,HARD,26.09189189189189,31.79256756756757,93.81740778642936,0.0
Saudi Arabian Grand Prix,2,MEDIUM,26.09189189189189,31.79256756756757,95.67566666666667,0.0
Saudi Arabian Grand Prix,2,HARD,26.09189189189189,31.79256756756757,94.95170982573231,0.0
Saudi Arabian Grand Prix,2,MEDIUM,26.09189189189189,31.79256756756757,95.75595,0.0
Saudi Arabian Grand Prix,2,HARD,26.09189189189189,31.79256756756757,95.1563706340378,0.0
Saudi Arabian Grand Prix,2,HARD,26.09189189189189,31.79256756756757,96.795675,0.0
Saudi Arabian Grand Prix,2,MEDIUM,26.09189189189189,31.79256756756757,95.14668001483128,0.0
Saudi Arabian Grand Prix,2,MEDIUM,26.09189189189189,31.79256756756757,95.5416043956044,0.032567032967033026
Saudi Arabian Grand Prix,2,HARD,26.09189189189189,31.79256756756757,95.8693622543567,0.0
Saudi Arabian Grand Prix,2,SOFT,26.09189189189189,31.79256756756757,96.08560952380952,0.0
Saudi Arabian Grand Prix,2,HARD,26.09189189189189,31.79256756756757,95.5123157582499,0.0
Saudi Arabian Grand Prix,2,MEDIUM,26.09189189189189,31.79256756756757,95.98661538461538,0.02552747252747257
Saudi Arabian Grand Prix,2,HARD,26.09189189189189,31.79256756756757,96.03524842417502,0.0
Saudi Arabian Grand Prix,2,MEDIUM,26.09189189189189,31.79256756756757,96.51974242424244,0.0
Saudi Arabian Grand Prix,2,HARD,26.09189189189189,31.79256756756757,95.97228965517242,0.0
Saudi Arabian Grand Prix,2,MEDIUM,26.09189189189189,31.79256756756757,97.32746666666665,0.0
Saudi Arabian Grand Prix,2,HARD,26.09189189189189,31.79256756756757,96.11799604904257,0.0
Saudi Arabian Grand Prix,2,MEDIUM,26.09189189189189,31.79256756756757,97.56662857142857,0.0
Saudi Arabian Grand Prix,2,HARD,26.09189189189189,31.79256756756757,96.40848246199482,0.0
Saudi Arabian Grand Prix,2,MEDIUM,26.09189189189189,31.79256756756757,97.40933333333332,0.0
Saudi Arabian Grand Prix,2,HARD,26.09189189189189,31.79256756756757,96.65023832549514,0.0
Saudi Arabian Grand Prix,2,MEDIUM,26.09189189189189,31.79256756756757,96.35219444444444,0.014450000000000079
Saudi Arabian Grand Prix,2,MEDIUM,26.09189189189189,31.79256756756757,96.46550344827585,0.0
Saudi Arabian Grand Prix,2,MEDIUM,26.09189189189189,31.79256756756757,97.35563076923079,0.0
Saudi Arabian Grand Prix,2,HARD,26.09189189189189,31.79256756756757,96.81468078817734,0.0
Saudi Arabian Grand Prix,2,HARD,26.09189189189189,31.79256756756757,96.3174258921049,0.0
Saudi Arabian Grand Prix,2,HARD,26.09189189189189,31.79256756756757,97.50847032967035,0.0
Saudi Arabian Grand Prix,2,MEDIUM,26.09189189189189,31.79256756756757,96.10905418719214,0.0
Saudi Arabian Grand Prix,2,HARD,26.09189189189189,31.79256756756757,95.90284615384614,0.028076923076923152
Saudi Arabian Grand Prix,2,MEDIUM,26.09189189189189,31.79256756756757,96.21719310344828,0.0
Saudi Arabian Grand Prix,2,MEDIUM,26.09189189189189,31.79256756756757,96.51399999999998,0.16430000000000153
Saudi Arabian Grand Prix,2,HARD,26.09189189189189,31.79256756756757,96.17153333333333,0.01094285714285661
Saudi Arabian Grand Prix,2,MEDIUM,26.09189189189189,31.79256756756757,97.534351981352,0.0
Saudi Arabian Grand Prix,2,SOFT,26.09189189189189,31.79256756756757,95.08542307692308,0.07363186813186835
Saudi Arabian Grand Prix,2,MEDIUM,26.09189189189189,31.79256756756757,97.16297362637363,0.0
Saudi Arabian Grand Prix,2,HARD,26.09189189189189,31.79256756756757,94.756,0.28809999999999997
Saudi Arabian Grand Prix,2,MEDIUM,26.09189189189189,31.79256756756757,95.51290909090908,0.028090909090909007
Australian Grand Prix,3,HARD,17.449549549549552,30.13963963963964,82.96289754816111,0.0
Australian Grand Prix,3,HARD,17.449549549549552,30.13963963963964,83.75010142763323,0.0
Australian Grand Prix,3,HARD,17.449549549549552,30.13963963963964,83.7085981751939,0.0
Australian Grand Prix,3,HARD,17.449549549549552,30.13963963963964,83.66815037059044,0.0
Australian Grand Prix,3,HARD,17.449549549549552,30.13963963963964,83.80414573492637,0.0
Australian Grand Prix,3,HARD,17.449549549549552,30.13963963963964,83.68421414498376,0.0
Australian Grand Prix,3,HARD,17.449549549549552,30.13963963963964,83.39940572616962,0.0
Australian Grand Prix,3,HARD,17.449549549549552,30.13963963963964,84.40938457749562,0.0
Australian Grand Prix,3,HARD,17.449549549549552,30.13963963963964,84.88107703220925,0.0
Australian Grand Prix,3,HARD,17.449549549549552,30.13963963963964,84.56378375264399,0.0
Australian Grand Prix,3,HARD,17.449549549549552,30.13963963963964,85.0537909677543,0.0
Australian Grand Prix,3,HARD,17.449549549549552,30.13963963963964,83.46311562969103,0.0
Australian Grand Prix,3,HARD,17.449549549549552,30.13963963963964,83.6604458969227,0.0
Australian Grand Prix,3,HARD,17.449549549549552,30.13963963963964,84.70159565377159,0.0
Australian Grand Prix,3,MEDIUM,17.449549549549552,30.13963963963964,84.07361346841478,0.005028128724672276
Australian Grand Prix,3,SOFT,17.449549549549552,30.13963963963964,81.86793333333333,0.0
Australian Grand Prix,3,MEDIUM,17.449549549549552,30.13963963963964,84.3005650367087,0.0
Australian Grand Prix,3,HARD,17.449549549549552,30.13963963963964,82.78781785714284,0.0
Australian Grand Prix,3,HARD,17.449549549549552,30.13963963963964,84.48817059035959,0.0
Australian Grand Prix,3,HARD,17.449549549549552,30.13963963963964,85.05083809523809,0.0
Miami Grand Prix,5,HARD,27.11741935483871,36.689032258064515,93.01159725158564,0.0
Miami Grand Prix,5,MEDIUM,27.11741935483871,36.689032258064515,91.13014545454544,0.0
Miami Grand Prix,5,MEDIUM,27.11741935483871,36.689032258064515,93.46128758169934,0.0
Miami Grand Prix,5,HARD,27.11741935483871,36.689032258064515,91.82790793650794,0.0
Miami Grand Prix,5,MEDIUM,27.11741935483871,36.689032258064515,93.63415697346132,0.0
Miami Grand Prix,5,HARD,27.11741935483871,36.689032258064515,92.42896407624633,0.0
Miami Grand Prix,5,MEDIUM,27.11741935483871,36.689032258064515,93.92646666666664,0.0
Miami Grand Prix,5,HARD,27.11741935483871,36.689032258064515,92.85046018893388,0.0
Miami Grand Prix,5,MEDIUM,27.11741935483871,36.689032258064515,93.616,0.0
Miami Grand Prix,5,HARD,27.11741935483871,36.689032258064515,92.96734139402561,0.0
Miami Grand Prix,5,HARD,27.11741935483871,36.689032258064515,94.18861848739495,0.0
Miami Grand Prix,5,MEDIUM,27.11741935483871,36.689032258064515,91.64905263157897,0.0
Miami Grand Prix,5,MEDIUM,27.11741935483871,36.689032258064515,94.30901904761906,0.0
Miami Grand Prix,5,HARD,27.11741935483871,36.689032258064515,92.95643724696357,0.0
Miami Grand Prix,5,MEDIUM,27.11741935483871,36.689032258064515,93.69057692307692,0.0
Miami Grand Prix,5,HARD,27.11741935483871,36.689032258064515,92.77671097560976,0.0
Miami Grand Prix,5,HARD,27.11741935483871,36.689032258064515,93.85992792792793,0.0
Miami Grand Prix,5,MEDIUM,27.11741935483871,36.689032258064515,91.93173529411767,0.0
Miami Grand Prix,5,MEDIUM,27.11741935483871,36.689032258064515,94.0859393939394,0.0
Miami Grand Prix,5,HARD,27.11741935483871,36.689032258064515,92.99978745644599,0.0
Miami Grand Prix,5,HARD,27.11741935483871,36.689032258064515,94.216871657754,0.0
Miami Grand Prix,5,MEDIUM,27.11741935483871,36.689032258064515,92.3906263157895,0.0
Miami Grand Prix,5,HARD,27.11741935483871,36.689032258064515,94.37857729831146,0.0
Miami Grand Prix,5,MEDIUM,27.11741935483871,36.689032258064515,91.62949450549453,0.0
Miami Grand Prix,5,MEDIUM,27.11741935483871,36.689032258064515,94.72230769230768,0.0
Miami Grand Prix,5,HARD,27.11741935483871,36.689032258064515,93.1092780487805,0.0
Miami Grand Prix,5,MEDIUM,27.11741935483871,36.689032258064515,94.13393684210529,0.0
Miami Grand Prix,5,HARD,27.11741935483871,36.689032258064515,92.50348663101603,0.0
Miami Grand Prix,5,HARD,27.11741935483871,36.689032258064515,94.19414838709677,0.0
Miami Grand Prix,5,MEDIUM,27.11741935483871,36.689032258064515,91.77384980237154,0.03701976284584969
Miami Grand Prix,5,HARD,27.11741935483871,36.689032258064515,94.07112807881772,0.0
Miami Grand Prix,5,MEDIUM,27.11741935483871,36.689032258064515,92.23001000000002,0.0
Miami Grand Prix,5,HARD,27.11741935483871,36.689032258064515,93.31449999999998,0.0
Miami Grand Prix,5,MEDIUM,27.11741935483871,36.689032258064515,94.88953846153845,0.0
Miami Grand Prix,5,HARD,27.11741935483871,36.689032258064515,93.65437073170732,0.0
Miami Grand Prix,5,HARD,27.11741935483871,36.689032258064515,94.33747534434151,0.0
Miami Grand Prix,5,HARD,27.11741935483871,36.689032258064515,93.76479317851958,0.0
Monaco Grand Prix,6,MEDIUM,25.06590909090909,39.25568181818182,77.64101877551019,0.0
Monaco Grand Prix,6,HARD,25.06590909090909,39.25568181818182,77.98514367346938,0.0
Monaco Grand Prix,6,MEDIUM,25.06590909090909,39.25568181818182,79.41338620689655,0.0
Monaco Grand Prix,6,HARD,25.06590909090909,39.25568181818182,77.22894210526314,0.00934561403508777
Monaco Grand Prix,6,MEDIUM,25.06590909090909,39.25568181818182,79.46470443349753,0.0
Monaco Grand Prix,6,HARD,25.06590909090909,39.25568181818182,77.29609999999998,0.0
Monaco Grand Prix,6,HARD,25.06590909090909,39.25568181818182,78.94939979591835,0.0
Monaco Grand Prix,6,HARD,25.06590909090909,39.25568181818182,79.10896864111498,0.0
Monaco Grand Prix,6,MEDIUM,25.06590909090909,39.25568181818182,77.63303571428573,0.0
Monaco Grand Prix,6,HARD,25.06590909090909,39.25568181818182,79.19108989898989,0.0
Monaco Grand Prix,6,HARD,25.06590909090909,39.25568181818182,79.42154193548386,0.0
Monaco Grand Prix,6,MEDIUM,25.06590909090909,39.25568181818182,77.72270175438595,0.0
Monaco Grand Prix,6,MEDIUM,25.06590909090909,39.25568181818182,79.59896519426457,0.0
Monaco Grand Prix,6,HARD,25.06590909090909,39.25568181818182,79.88456678347004,0.0
Monaco Grand Prix,6,HARD,25.06590909090909,39.25568181818182,79.89322448979593,0.0
Monaco Grand Prix,6,MEDIUM,25.06590909090909,39.25568181818182,80.0602981980026,0.0
Monaco Grand Prix,6,HARD,25.06590909090909,39.25568181818182,78.61892495350082,0.009480617568104708
Monaco Grand Prix,6,MEDIUM,25.06590909090909,39.25568181818182,79.40496785714288,0.05340357142857107
Monaco Grand Prix,6,HARD,25.06590909090909,39.25568181818182,77.4306766654101,0.0713790457213636
Monaco Grand Prix,6,MEDIUM,25.06590909090909,39.25568181818182,79.36077377333913,0.0
Monaco Grand Prix,6,HARD,25.06590909090909,39.25568181818182,77.88347392473119,0.06663951612903224
Monaco Grand Prix,6,MEDIUM,25.06590909090909,39.25568181818182,77.33168571428574,0.0013892857142856199
Monaco Grand Prix,6,HARD,25.06590909090909,39.25568181818182,78.26357053339903,0.01799757613764749
Monaco Grand Prix,6,MEDIUM,25.06590909090909,39.25568181818182,79.57209523809524,0.055121428571428856
Monaco Grand Prix,6,SOFT,25.06590909090909,39.25568181818182,77.83544501779359,0.0477953380782918
Monaco Grand Prix,6,HARD,25.06590909090909,39.25568181818182,79.93060793878405,0.0
Monaco Grand Prix,6,HARD,25.06590909090909,39.25568181818182,79.85369921501312,0.0
Spanish Grand Prix,7,MEDIUM,22.674025974025977,33.838961038961045,80.47236956521738,0.0
Spanish Grand Prix,7,HARD,22.674025974025977,33.838961038961045,78.97597826086957,0.005271739130434948
Spanish Grand Prix,7,SOFT,22.674025974025977,33.838961038961045,77.28277472527472,0.037939560439560295
Spanish Grand Prix,7,SOFT,22.674025974025977,33.838961038961045,80.82993073593074,0.0
Spanish Grand Prix,7,MEDIUM,22.674025974025977,33.838961038961045,79.469634057971,0.0
Spanish Grand Prix,7,SOFT,22.674025974025977,33.838961038961045,77.3923523809524,0.07722857142857181
Spanish Grand Prix,7,SOFT,22.674025974025977,33.838961038961045,81.22845172219085,0.0
Spanish Grand Prix,7,MEDIUM,22.674025974025977,33.838961038961045,79.06603921568629,0.033118679050567854
Spanish Grand Prix,7,SOFT,22.674025974025977,33.838961038961045,77.99557894736841,0.030505263157894737
Spanish Grand Prix,7,MEDIUM,22.674025974025977,33.838961038961045,81.37448196754158,0.0
Spanish Grand Prix,7,HARD,22.674025974025977,33.838961038961045,79.23778095238094,0.00023636363636373052
Spanish Grand Prix,7,SOFT,22.674025974025977,33.838961038961045,76.89379047619047,0.12876785714285735
Spanish Grand Prix,7,SOFT,22.674025974025977,33.838961038961045,80.7020989010989,0.010159340659340757
Spanish Grand Prix,7,MEDIUM,22.674025974025977,33.838961038961045,80.2823636971222,0.004642829061173163
Spanish Grand Prix,7,HARD,22.674025974025977,33.838961038961045,78.96435507246376,0.0
Spanish Grand Prix,7,SOFT,22.674025974025977,33.838961038961045,80.64410573248408,0.04984458598726168
Spanish Grand Prix,7,SOFT,22.674025974025977,33.838961038961045,80.37425249398004,0.01616202270381866
Spanish Grand Prix,7,HARD,22.674025974025977,33.838961038961045,79.71205806451613,0.0
Spanish Grand Prix,7,SOFT,22.674025974025977,33.838961038961045,81.42523180291153,0.0
Spanish Grand Prix,7,SOFT,22.674025974025977,33.838961038961045,80.93857312252965,0.0
Spanish Grand Prix,7,HARD,22.674025974025977,33.838961038961045,78.31824285714285,0.04577012987012986
Spanish Grand Prix,7,SOFT,22.674025974025977,33.838961038961045,80.82136904761903,0.046059523809524494
Spanish Grand Prix,7,MEDIUM,22.674025974025977,33.838961038961045,80.46947368421051,0.012840601503759479
Spanish Grand Prix,7,HARD,22.674025974025977,33.838961038961045,79.71355862068964,0.0
Spanish Grand Prix,7,HARD,22.674025974025977,33.838961038961045,80.81654982005142,0.0
Spanish Grand Prix,7,HARD,22.674025974025977,33.838961038961045,79.15394581280789,0.0047507389162562445
Spanish Grand Prix,7,SOFT,22.674025974025977,33.838961038961045,81.42148769771528,0.0
Spanish Grand Prix,7,MEDIUM,22.674025974025977,33.838961038961045,79.99464705882353,0.03880908152734752
Spanish Grand Prix,7,HARD,22.674025974025977,33.838961038961045,78.72484307692308,0.021644102564102496
Spanish Grand Prix,7,HARD,22.674025974025977,33.838961038961045,81.3100179028133,0.0009398976982103004
Spanish Grand Prix,7,SOFT,22.674025974025977,33.838961038961045,80.78021739130435,0.0
Spanish Grand Prix,7,HARD,22.674025974025977,33.838961038961045,78.23360869565217,0.01682043478260866
Spanish Grand Prix,7,SOFT,22.674025974025977,33.838961038961045,81.44651190476192,0.0
Spanish Grand Prix,7,HARD,22.674025974025977,33.838961038961045,80.3388380952381,0.012464935064935193
Spanish Grand Prix,7,MEDIUM,22.674025974025977,33.838961038961045,80.05843870967742,0.0
Spanish Grand Prix,7,SOFT,22.674025974025977,33.838961038961045,81.40541228070175,0.0
Spanish Grand Prix,7,HARD,22.674025974025977,33.838961038961045,80.41920526315789,0.014937593984962475
Spanish Grand Prix,7,MEDIUM,22.674025974025977,33.838961038961045,79.44427,0.004206923076923053
Spanish Grand Prix,7,HARD,22.674025974025977,33.838961038961045,81.19036907211445,0.0
Spanish Grand Prix,7,MEDIUM,22.674025974025977,33.838961038961045,79.14531384615384,0.007660512820512885
Spanish Grand Prix,7,MEDIUM,22.674025974025977,33.838961038961045,79.97394274809159,0.09657251908396973
Spanish Grand Prix,7,HARD,22.674025974025977,33.838961038961045,78.98431428571428,0.09323571428571477
Spanish Grand Prix,7,MEDIUM,22.674025974025977,33.838961038961045,78.93520476190477,0.020622077922077705
Spanish Grand Prix,7,HARD,22.674025974025977,33.838961038961045,80.8442897291773,0.014330199284619509
Spanish Grand Prix,7,MEDIUM,22.674025974025977,33.838961038961045,79.65832193732193,0.0
Spanish Grand Prix,7,HARD,22.674025974025977,33.838961038961045,80.30040321252059,0.07686161449752861
Spanish Grand Prix,7,MEDIUM,22.674025974025977,33.838961038961045,80.0673228139382,0.0021694334867412195
Spanish Grand Prix,7,SOFT,22.674025974025977,33.838961038961045,77.50728351648354,0.12685054945054972
Spanish Grand Prix,7,MEDIUM,22.674025974025977,33.838961038961045,80.28034090909091,0.13461363636363652
Spanish Grand Prix,7,HARD,22.674025974025977,33.838961038961045,79.32719476520401,0.0959199384141647
Spanish Grand Prix,7,MEDIUM,22.674025974025977,33.838961038961045,78.46069999999999,0.07611428571428568
Spanish Grand Prix,7,HARD,22.674025974025977,33.838961038961045,80.69263165829145,0.026354271356783837
Spanish Grand Prix,7,HARD,22.674025974025977,33.838961038961045,79.45561936633662,0.02597223762376234
Spanish Grand Prix,7,HARD,22.674025974025977,33.838961038961045,80.54240766331658,0.03907223618090473
Spanish Grand Prix,7,HARD,22.674025974025977,33.838961038961045,79.49743855932203,0.03321398305084756
Canadian Grand Prix,8,MEDIUM,18.530246913580246,30.593209876543206,77.79813333333334,0.0
Canadian Grand Prix,8,HARD,18.530246913580246,30.593209876543206,76.54869846153846,0.024753846153846095
Canadian Grand Prix,8,MEDIUM,18.530246913580246,30.593209876543206,76.43751724137931,0.0
Canadian Grand Prix,8,MEDIUM,18.530246913580246,30.593209876543206,77.95206666666667,0.0
Canadian Grand Prix,8,HARD,18.530246913580246,30.593209876543206,77.0281631884058,0.005830869565217418
Canadian Grand Prix,8,HARD,18.530246913580246,30.593209876543206,76.6028275862069,0.0
Canadian Grand Prix,8,MEDIUM,18.530246913580246,30.593209876543206,77.99740000000001,0.0
Canadian Grand Prix,8,HARD,18.530246913580246,30.593209876543206,77.07561561264824,0.016848814229248926
Canadian Grand Prix,8,MEDIUM,18.530246913580246,30.593209876543206,75.8794433497537,0.019142857142857028
Canadian Grand Prix,8,MEDIUM,18.530246913580246,30.593209876543206,78.72694602713179,0.0
Canadian Grand Prix,8,HARD,18.530246913580246,30.593209876543206,76.12585287356323,0.006833147942158004
Canadian Grand Prix,8,MEDIUM,18.530246913580246,30.593209876543206,78.8463976879048,0.0
Canadian Grand Prix,8,HARD,18.530246913580246,30.593209876543206,76.38783870967744,0.0
Canadian Grand Prix,8,HARD,18.530246913580246,30.593209876543206,78.87952260310094,0.0
Canadian Grand Prix,8,MEDIUM,18.530246913580246,30.593209876543206,76.46212068965517,0.003272413793103538
Canadian Grand Prix,8,MEDIUM,18.530246913580246,30.593209876543206,79.00518333333332,0.0
Canadian Grand Prix,8,HARD,18.530246913580246,30.593209876543206,78.86519287211742,0.0
Canadian Grand Prix,8,MEDIUM,18.530246913580246,30.593209876543206,78.87260000000002,0.0
Canadian Grand Prix,8,HARD,18.530246913580246,30.593209876543206,78.09060302717577,0.0
Canadian Grand Prix,8,HARD,18.530246913580246,30.593209876543206,77.09687878787878,0.0028716577540107806
Canadian Grand Prix,8,MEDIUM,18.530246913580246,30.593209876543206,78.87949549549548,0.0
Canadian Grand Prix,8,HARD,18.530246913580246,30.593209876543206,78.99344444444444,0.0
Canadian Grand Prix,8,HARD,18.530246913580246,30.593209876543206,77.31749477351916,0.0
Canadian Grand Prix,8,HARD,18.530246913580246,30.593209876543206,79.02640160771705,0.0
Canadian Grand Prix,8,MEDIUM,18.530246913580246,30.593209876543206,77.26738823529412,0.0
Canadian Grand Prix,8,MEDIUM,18.530246913580246,30.593209876543206,78.69432696390658,0.0
Canadian Grand Prix,8,HARD,18.530246913580246,30.593209876543206,78.6613789473684,0.0
Canadian Grand Prix,8,HARD,18.530246913580246,30.593209876543206,77.14343951612902,0.0
Canadian Grand Prix,8,SOFT,18.530246913580246,30.593209876543206,78.98072950819673,0.0
Canadian Grand Prix,8,HARD,18.530246913580246,30.593209876543206,79.00486666666667,0.0
Canadian Grand Prix,8,HARD,18.530246913580246,30.593209876543206,77.35229523809525,0.0
Canadian Grand Prix,8,MEDIUM,18.530246913580246,30.593209876543206,78.45165048543689,0.03976699029126245
Canadian Grand Prix,8,HARD,18.530246913580246,30.593209876543206,78.13045098039215,0.007549019607842722
Canadian Grand Prix,8,HARD,18.530246913580246,30.593209876543206,77.0314296409473,0.005682658517952651
Canadian Grand Prix,8,HARD,18.530246913580246,30.593209876543206,78.27400471839425,0.013540593169562536
Canadian Grand Prix,8,MEDIUM,18.530246913580246,30.593209876543206,78.90644680851064,0.0
Canadian Grand Prix,8,HARD,18.530246913580246,30.593209876543206,78.76949450549452,0.0
Canadian Grand Prix,8,HARD,18.530246913580246,30.593209876543206,77.8216113360324,0.0049925593609804605
Canadian Grand Prix,8,MEDIUM,18.530246913580246,30.593209876543206,79.2904441747573,0.0
Canadian Grand Prix,8,HARD,18.530246913580246,30.593209876543206,78.74714065934066,0.0
Canadian Grand Prix,8,HARD,18.530246913580246,30.593209876543206,77.73405714285714,0.0003347490347491066
Canadian Grand Prix,8,HARD,18.530246913580246,30.593209876543206,78.66942141148932,0.003258026764361634
Canadian Grand Prix,8,MEDIUM,18.530246913580246,30.593209876543206,78.02980322185971,0.0
Canadian Grand Prix,8,MEDIUM,18.530246913580246,30.593209876543206,76.79846666666667,0.0
Canadian Grand Prix,8,MEDIUM,18.530246913580246,30.593209876543206,79.18948068669528,0.0
Canadian Grand Prix,8,HARD,18.530246913580246,30.593209876543206,78.62406176623747,0.0
Canadian Grand Prix,8,HARD,18.530246913580246,30.593209876543206,76.9736274509804,0.0
Canadian Grand Prix,8,MEDIUM,18.530246913580246,30.593209876543206,78.15773333333333,0.0
Canadian Grand Prix,8,HARD,18.530246913580246,30.593209876543206,79.02836186186187,0.0
British Grand Prix,10,MEDIUM,21.473509933774835,30.94105960264901,93.04011612903226,0.0
British Grand Prix,10,SOFT,21.473509933774835,30.94105960264901,89.80367032967033,0.07721978021978035
British Grand Prix,10,MEDIUM,21.473509933774835,30.94105960264901,93.62671022727274,0.0
British Grand Prix,10,HARD,21.473509933774835,30.94105960264901,90.72425054945055,0.033338461538461615
British Grand Prix,10,MEDIUM,21.473509933774835,30.94105960264901,93.8005161290323,0.0
British Grand Prix,10,SOFT,21.473509933774835,30.94105960264901,90.61852087912091,0.04705274725274695
British Grand Prix,10,MEDIUM,21.473509933774835,30.94105960264901,93.24767460317462,0.0
British Grand Prix,10,HARD,21.473509933774835,30.94105960264901,91.52133196979233,0.0
British Grand Prix,10,SOFT,21.473509933774835,30.94105960264901,93.81747354497355,0.0
British Grand Prix,10,MEDIUM,21.473509933774835,30.94105960264901,91.59801749095296,0.0
British Grand Prix,10,MEDIUM,21.473509933774835,30.94105960264901,94.37790883190885,0.0
British Grand Prix,10,SOFT,21.473509933774835,30.94105960264901,91.92958504221953,0.0
British Grand Prix,10,MEDIUM,21.473509933774835,30.94105960264901,94.28483077493514,0.0
British Grand Prix,10,SOFT,21.473509933774835,30.94105960264901,92.02229450549451,0.0
British Grand Prix,10,MEDIUM,21.473509933774835,30.94105960264901,94.37348045977012,0.0
British Grand Prix,10,SOFT,21.473509933774835,30.94105960264901,92.29065934065935,0.0
British Grand Prix,10,MEDIUM,21.473509933774835,30.94105960264901,93.65004411764706,0.0
British Grand Prix,10,HARD,21.473509933774835,30.94105960264901,92.29149999999998,0.1117197802197803
British Grand Prix,10,MEDIUM,21.473509933774835,30.94105960264901,92.28824175824175,0.0
British Grand Prix,10,MEDIUM,21.473509933774835,30.94105960264901,93.75494,0.0
British Grand Prix,10,HARD,21.473509933774835,30.94105960264901,92.39077155661141,0.0
British Grand Prix,10,MEDIUM,21.473509933774835,30.94105960264901,94.89185714285713,0.0
British Grand Prix,10,SOFT,21.473509933774835,30.94105960264901,92.44812146003777,0.0
British Grand Prix,10,HARD,21.473509933774835,30.94105960264901,95.01914088669953,0.0
British Grand Prix,10,SOFT,21.473509933774835,30.94105960264901,92.89545054945056,0.0
British Grand Prix,10,HARD,21.473509933774835,30.94105960264901,94.94413333333334,0.006057142857143361
British Grand Prix,10,MEDIUM,21.473509933774835,30.94105960264901,94.02482608695651,0.0
British Grand Prix,10,SOFT,21.473509933774835,30.94105960264901,92.83016483516485,0.0
British Grand Prix,10,MEDIUM,21.473509933774835,30.94105960264901,94.37078717093068,0.0
British Grand Prix,10,SOFT,21.473509933774835,30.94105960264901,92.62169890109888,0.0
British Grand Prix,10,MEDIUM,21.473509933774835,30.94105960264901,95.10384980237153,0.0
British Grand Prix,10,HARD,21.473509933774835,30.94105960264901,92.60366666666667,0.08114285714285563
British Grand Prix,10,SOFT,21.473509933774835,30.94105960264901,93.32676263736263,0.0
British Grand Prix,10,SOFT,21.473509933774835,30.94105960264901,94.75207692307691,0.0
British Grand Prix,10,HARD,21.473509933774835,30.94105960264901,93.09705,0.011736764705882191
British Grand Prix,10,SOFT,21.473509933774835,30.94105960264901,92.79074725274725,0.0
British Grand Prix,10,SOFT,21.473509933774835,30.94105960264901,94.95562769230769,0.0
British Grand Prix,10,SOFT,21.473509933774835,30.94105960264901,93.55532967032967,0.0
British Grand Prix,10,MEDIUM,21.473509933774835,30.94105960264901,94.07661149425286,0.0
British Grand Prix,10,SOFT,21.473509933774835,30.94105960264901,93.85233333333335,0.0
British Grand Prix,10,MEDIUM,21.473509933774835,30.94105960264901,95.24497241379312,0.0
British Grand Prix,10,SOFT,21.473509933774835,30.94105960264901,94.68167857142858,0.0
Hungarian Grand Prix,11,MEDIUM,28.808536585365857,48.579268292682926,84.98298268398267,0.0
Hungarian Grand Prix,11,HARD,28.808536585365857,48.579268292682926,83.57484923076925,0.0006294017094017264
Hungarian Grand Prix,11,MEDIUM,28.808536585365857,48.579268292682926,82.58397557619539,0.0
Hungarian Grand Prix,11,MEDIUM,28.808536585365857,48.579268292682926,85.21323809523808,0.0
Hungarian Grand Prix,11,HARD,28.808536585365857,48.579268292682926,83.57647999999999,0.04486153846153844
Hungarian Grand Prix,11,MEDIUM,28.808536585365857,48.579268292682926,82.53411076923076,0.03475307692307703
Hungarian Grand Prix,11,HARD,28.808536585365857,48.579268292682926,85.95293606036537,0.0
Hungarian Grand Prix,11,MEDIUM,28.808536585365857,48.579268292682926,83.59843235294117,0.015077941176470376
Hungarian Grand Prix,11,MEDIUM,28.808536585365857,48.579268292682926,82.43185714285715,0.02849206349206337
Hungarian Grand Prix,11,MEDIUM,28.808536585365857,48.579268292682926,85.30408131868131,0.0
Hungarian Grand Prix,11,HARD,28.808536585365857,48.579268292682926,84.43336129032258,0.0
Hungarian Grand Prix,11,MEDIUM,28.808536585365857,48.579268292682926,82.33265939849623,0.006503007518796891
Hungarian Grand Prix,11,MEDIUM,28.808536585365857,48.579268292682926,85.11357205882354,0.0
Hungarian Grand Prix,11,HARD,28.808536585365857,48.579268292682926,83.93888311688312,0.046796725014116344
Hungarian Grand Prix,11,MEDIUM,28.808536585365857,48.579268292682926,83.32990516890517,0.03344566544566535
Hungarian Grand Prix,11,HARD,28.808536585365857,48.579268292682926,86.02797086163747,0.0
Hungarian Grand Prix,11,MEDIUM,28.808536585365857,48.579268292682926,83.56319117647058,0.031867647058823945
Hungarian Grand Prix,11,MEDIUM,28.808536585365857,48.579268292682926,82.44447035573123,0.0458774703557314
Hungarian Grand Prix,11,MEDIUM,28.808536585365857,48.579268292682926,85.11966813186812,0.018283516483516615
Hungarian Grand Prix,11,HARD,28.808536585365857,48.579268292682926,84.50841304347824,0.012776956521739075
Hungarian Grand Prix,11,HARD,28.808536585365857,48.579268292682926,82.19916752136751,0.06486735042735059
Hungarian Grand Prix,11,SOFT,28.808536585365857,48.579268292682926,85.61411072261072,0.0
Hungarian Grand Prix,11,HARD,28.808536585365857,48.579268292682926,84.58480904475144,0.0065503129058921295
Hungarian Grand Prix,11,HARD,28.808536585365857,48.579268292682926,82.48296000000002,0.05698999999999997
Hungarian Grand Prix,11,MEDIUM,28.808536585365857,48.579268292682926,86.07366779661017,0.0
Hungarian Grand Prix,11,HARD,28.808536585365857,48.579268292682926,85.1710303030303,0.0
Hungarian Grand Prix,11,HARD,28.808536585365857,48.579268292682926,82.96000923076926,0.022050598290598165
Hungarian Grand Prix,11,HARD,28.808536585365857,48.579268292682926,84.59798001392065,0.0339415332604157
Hungarian Grand Prix,11,HARD,28.808536585365857,48.579268292682926,83.9354569536424,0.004261005064277251
Hungarian Grand Prix,11,HARD,28.808536585365857,48.579268292682926,85.16428051948053,0.024949350649350388
Hungarian Grand Prix,11,HARD,28.808536585365857,48.579268292682926,84.79836936936938,0.0
Hungarian Grand Prix,11,MEDIUM,28.808536585365857,48.579268292682926,85.92660000000001,0.0
Hungarian Grand Prix,11,HARD,28.808536585365857,48.579268292682926,84.74013461538462,0.024543269230769413
Hungarian Grand Prix,11,HARD,28.808536585365857,48.579268292682926,84.20938341543514,0.0022372742200328444
Hungarian Grand Prix,11,MEDIUM,28.808536585365857,48.579268292682926,86.99454913294798,0.0
Hungarian Grand Prix,11,HARD,28.808536585365857,48.579268292682926,84.3332837837838,0.14118918918918885
Hungarian Grand Prix,11,MEDIUM,28.808536585365857,48.579268292682926,84.3380997759868,0.0
Hungarian Grand Prix,11,MEDIUM,28.808536585365857,48.579268292682926,85.57385844370862,0.029653145695363956
Hungarian Grand Prix,11,HARD,28.808536585365857,48.579268292682926,85.51777713828936,0.01141430855315782
Hungarian Grand Prix,11,HARD,28.808536585365857,48.579268292682926,83.7987212934836,0.03562573248407643
Hungarian Grand Prix,11,HARD,28.808536585365857,48.579268292682926,85.05294184938039,0.025754671115347842
Hungarian Grand Prix,11,MEDIUM,28.808536585365857,48.579268292682926,83.83332770116687,0.04712399606000914
Hungarian Grand Prix,11,HARD,28.808536585365857,48.579268292682926,84.19246786546786,0.07102031302031299
Hungarian Grand Prix,11,HARD,28.808536585365857,48.579268292682926,84.50541858763262,0.006769181819627982
Hungarian Grand Prix,11,MEDIUM,28.808536585365857,48.579268292682926,86.14115957446808,0.0
Hungarian Grand Prix,11,HARD,28.808536585365857,48.579268292682926,84.69443948359331,0.10344109736417496
Hungarian Grand Prix,11,HARD,28.808536585365857,48.579268292682926,83.92859708737862,0.03376699029126223
Hungarian Grand Prix,11,MEDIUM,28.808536585365857,48.579268292682926,86.7250380952381,0.0
Hungarian Grand Prix,11,HARD,28.808536585365857,48.579268292682926,84.75341015514812,0.0817802538787023
Hungarian Grand Prix,11,HARD,28.808536585365857,48.579268292682926,84.05282456894493,0.023807756603142816
Dutch Grand Prix,13,SOFT,16.791866028708135,24.94114832535885,76.61601909387822,0.0
Dutch Grand Prix,13,SOFT,16.791866028708135,24.94114832535885,74.18972727272728,0.001672727272726646
Dutch Grand Prix,13,SOFT,16.791866028708135,24.94114832535885,77.38532982901134,0.0
Dutch Grand Prix,13,SOFT,16.791866028708135,24.94114832535885,74.47781818181818,0.0
Dutch Grand Prix,13,SOFT,16.791866028708135,24.94114832535885,77.17903939673745,0.0
Dutch Grand Prix,13,SOFT,16.791866028708135,24.94114832535885,75.0590303030303,0.0
Dutch Grand Prix,13,SOFT,16.791866028708135,24.94114832535885,76.41896799390359,0.0
Dutch Grand Prix,13,SOFT,16.791866028708135,24.94114832535885,74.18236703296704,0.08654505494505509
Dutch Grand Prix,13,SOFT,16.791866028708135,24.94114832535885,77.2974802739726,0.0
Dutch Grand Prix,13,SOFT,16.791866028708135,24.94114832535885,75.2186862745098,0.008686274509803847
Dutch Grand Prix,13,SOFT,16.791866028708135,24.94114832535885,77.67134539669917,0.0
Dutch Grand Prix,13,SOFT,16.791866028708135,24.94114832535885,74.885,0.0
Dutch Grand Prix,13,SOFT,16.791866028708135,24.94114832535885,76.95987817310632,0.0
Dutch Grand Prix,13,SOFT,16.791866028708135,24.94114832535885,74.9555294117647,0.02907352941176463
Dutch Grand Prix,13,SOFT,16.791866028708135,24.94114832535885,77.94587173893282,0.0
Dutch Grand Prix,13,MEDIUM,16.791866028708135,24.94114832535885,75.1815904761905,0.0
Dutch Grand Prix,13,SOFT,16.791866028708135,24.94114832535885,82.9972,0.0
Dutch Grand Prix,13,SOFT,16.791866028708135,24.94114832535885,77.63590513833991,0.0
Dutch Grand Prix,13,MEDIUM,16.791866028708135,24.94114832535885,74.46693939393941,0.02715034965034905
Dutch Grand Prix,13,SOFT,16.791866028708135,24.94114832535885,77.54196619217083,0.0
Dutch Grand Prix,13,SOFT,16.791866028708135,24.94114832535885,74.982675,0.04667794117647041
Dutch Grand Prix,13,MEDIUM,16.791866028708135,24.94114832535885,78.18468414918415,0.0
Dutch Grand Prix,13,SOFT,16.791866028708135,24.94114832535885,75.57396739130434,0.015882608695651865
Dutch Grand Prix,13,SOFT,16.791866028708135,24.94114832535885,80.13019999999999,0.0
Dutch Grand Prix,13,MEDIUM,16.791866028708135,24.94114832535885,77.87518461538461,0.0
Dutch Grand Prix,13,SOFT,16.791866028708135,24.94114832535885,74.69953333333333,0.02386666666666548
Dutch Grand Prix,13,MEDIUM,16.791866028708135,24.94114832535885,78.02272608695652,0.0
Dutch Grand Prix,13,SOFT,16.791866028708135,24.94114832535885,74.92212727272727,0.04200909090909153
Dutch Grand Prix,13,SOFT,16.791866028708135,24.94114832535885,83.83619999999998,0.0
Dutch Grand Prix,13,MEDIUM,16.791866028708135,24.94114832535885,78.56936153846154,0.0
Dutch Grand Prix,13,SOFT,16.791866028708135,24.94114832535885,74.73713333333333,0.09841212121212164
Dutch Grand Prix,13,SOFT,16.791866028708135,24.94114832535885,77.00387094252298,0.0
Dutch Grand Prix,13,SOFT,16.791866028708135,24.94114832535885,78.45952721088436,0.0
Dutch Grand Prix,13,MEDIUM,16.791866028708135,24.94114832535885,76.30660869565219,0.0006847826086957548
Dutch Grand Prix,13,HARD,16.791866028708135,24.94114832535885,78.17659820549295,0.0
Dutch Grand Prix,13,MEDIUM,16.791866028708135,24.94114832535885,78.21596250246694,0.0
Dutch Grand Prix,13,SOFT,16.791866028708135,24.94114832535885,76.02590952380952,0.0
Dutch Grand Prix,13,SOFT,16.791866028708135,24.94114832535885,77.80980736230279,0.0002648768336562459
Italian Grand Prix,14,MEDIUM,29.330128205128204,42.928205128205136,86.09802857142856,0.06847593984962425
Italian Grand Prix,14,HARD,29.330128205128204,42.928205128205136,85.22693563218392,0.050976195773081164
Italian Grand Prix,14,MEDIUM,29.330128205128204,42.928205128205136,86.68771428571429,0.036342857142856906
Italian Grand Prix,14,HARD,29.330128205128204,42.928205128205136,85.74915763546798,0.016504433497537038
Italian Grand Prix,14,MEDIUM,29.330128205128204,42.928205128205136,86.02968421052631,0.08478224974200192
Italian Grand Prix,14,HARD,29.330128205128204,42.928205128205136,85.50595483870967,0.04328911290322567
Italian Grand Prix,14,MEDIUM,29.330128205128204,42.928205128205136,86.36981052631579,0.051529824561403564
Italian Grand Prix,14,HARD,29.330128205128204,42.928205128205136,85.62769655172414,0.036245383759732866
Italian Grand Prix,14,MEDIUM,29.330128205128204,42.928205128205136,86.78347953216372,0.022289989680082525
Italian Grand Prix,14,HARD,29.330128205128204,42.928205128205136,86.25928669354838,0.004117338709677389
Italian Grand Prix,14,HARD,29.330128205128204,42.928205128205136,86.96608923076923,0.01988692307692286
Italian Grand Prix,14,MEDIUM,29.330128205128204,42.928205128205136,86.32965217391305,0.0
Italian Grand Prix,14,MEDIUM,29.330128205128204,42.928205128205136,87.67949670329668,0.0
Italian Grand Prix,14,HARD,29.330128205128204,42.928205128205136,86.67010168067227,0.01405910364145658
Italian Grand Prix,14,MEDIUM,29.330128205128204,42.928205128205136,86.91274736842105,0.03190977443609004
Italian Grand Prix,14,HARD,29.330128205128204,42.928205128205136,86.0863322386426,0.04203995621236991
Italian Grand Prix,14,MEDIUM,29.330128205128204,42.928205128205136,87.26931578947371,0.0056105263157895865
Italian Grand Prix,14,HARD,29.330128205128204,42.928205128205136,86.68863940886699,0.0024798029556650915
Italian Grand Prix,14,HARD,29.330128205128204,42.928205128205136,87.2968814229249,0.03461660079051383
Italian Grand Prix,14,MEDIUM,29.330128205128204,42.928205128205136,86.31316782608693,0.03397304347826096
Italian Grand Prix,14,MEDIUM,29.330128205128204,42.928205128205136,87.39353636363636,0.011172727272727273
Italian Grand Prix,14,HARD,29.330128205128204,42.928205128205136,86.97636463708292,0.019815273477812017
Italian Grand Prix,14,MEDIUM,29.330128205128204,42.928205128205136,86.068975,0.019100000000000134
Italian Grand Prix,14,MEDIUM,29.330128205128204,42.928205128205136,87.56296442687747,0.0
Italian Grand Prix,14,HARD,29.330128205128204,42.928205128205136,86.08483970588236,0.041947058823528824
Italian Grand Prix,14,MEDIUM,29.330128205128204,42.928205128205136,85.391,0.06033333333333314
Italian Grand Prix,14,MEDIUM,29.330128205128204,42.928205128205136,87.1881212121212,0.044636363636363995
Italian Grand Prix,14,HARD,29.330128205128204,42.928205128205136,86.805043697479,0.029736694677871125
Italian Grand Prix,14,MEDIUM,29.330128205128204,42.928205128205136,87.92780555555555,0.0
Italian Grand Prix,14,HARD,29.330128205128204,42.928205128205136,86.8871045112782,0.029877443609022378
Italian Grand Prix,14,MEDIUM,29.330128205128204,42.928205128205136,86.2577,0.041836764705882185
Italian Grand Prix,14,MEDIUM,29.330128205128204,42.928205128205136,88.3565,0.0
Italian Grand Prix,14,HARD,29.330128205128204,42.928205128205136,87.16760175438596,0.010998245614035247
Italian Grand Prix,14,MEDIUM,29.330128205128204,42.928205128205136,86.47927450980391,0.007532507739938204
Italian Grand Prix,14,MEDIUM,29.330128205128204,42.928205128205136,87.82084313725491,0.006648090815273447
Italian Grand Prix,14,HARD,29.330128205128204,42.928205128205136,86.19091284577492,0.06227131489200444
Italian Grand Prix,14,MEDIUM,29.330128205128204,42.928205128205136,86.8132634032634,0.0934020979020978
Italian Grand Prix,14,HARD,29.330128205128204,42.928205128205136,86.43339328063242,0.06636561264822131
Italian Grand Prix,14,MEDIUM,29.330128205128204,42.928205128205136,86.5841818181818,0.0
Italian Grand Prix,14,HARD,29.330128205128204,42.928205128205136,88.85868484848486,0.0
Italian Grand Prix,14,MEDIUM,29.330128205128204,42.928205128205136,87.67098245614035,0.0
Italian Grand Prix,14,MEDIUM,29.330128205128204,42.928205128205136,86.820475,0.0014882352941176468
Italian Grand Prix,14,MEDIUM,29.330128205128204,42.928205128205136,87.25854545454544,0.0699090909090909
Italian Grand Prix,14,HARD,29.330128205128204,42.928205128205136,87.10815384615384,0.01584615384615377
Singapore Grand Prix,15,MEDIUM,29.844318181818185,36.42215909090909,101.07963398692809,0.0
Singapore Grand Prix,15,HARD,29.844318181818185,36.42215909090909,100.2316717177462,0.0
Singapore Grand Prix,15,MEDIUM,29.844318181818185,36.42215909090909,101.06246405228758,0.0
Singapore Grand Prix,15,HARD,29.844318181818185,36.42215909090909,99.95747006889907,0.0
Singapore Grand Prix,15,MEDIUM,29.844318181818185,36.42215909090909,100.64365548726954,0.0
Singapore Grand Prix,15,HARD,29.844318181818185,36.42215909090909,100.06836240601504,0.0
Singapore Grand Prix,15,MEDIUM,29.844318181818185,36.42215909090909,95.49480147058823,0.22206127450980387
Singapore Grand Prix,15,SOFT,29.844318181818185,36.42215909090909,100.96369521843825,0.0
Singapore Grand Prix,15,HARD,29.844318181818185,36.42215909090909,99.23091811833973,0.019418252153179855
Singapore Grand Prix,15,HARD,29.844318181818185,36.42215909090909,100.91796528660161,0.0
Singapore Grand Prix,15,MEDIUM,29.844318181818185,36.42215909090909,97.99558700980391,0.0
Singapore Grand Prix,15,MEDIUM,29.844318181818185,36.42215909090909,101.62109150326798,0.0
Singapore Grand Prix,15,HARD,29.844318181818185,36.42215909090909,101.18406808043493,0.0
Singapore Grand Prix,15,MEDIUM,29.844318181818185,36.42215909090909,101.67407672764229,0.0
Singapore Grand Prix,15,HARD,29.844318181818185,36.42215909090909,101.32849491182824,0.0
Singapore Grand Prix,15,HARD,29.844318181818185,36.42215909090909,101.1635523390521,0.0
Singapore Grand Prix,15,MEDIUM,29.844318181818185,36.42215909090909,98.32928916957806,0.04489518946519748
Singapore Grand Prix,15,MEDIUM,29.844318181818185,36.42215909090909,101.57862091503267,0.0
Singapore Grand Prix,15,HARD,29.844318181818185,36.42215909090909,101.029608803403,0.0
Singapore Grand Prix,15,MEDIUM,29.844318181818185,36.42215909090909,101.12632770768475,0.0
Singapore Grand Prix,15,HARD,29.844318181818185,36.42215909090909,100.89155802626006,0.02398750529436703
Singapore Grand Prix,15,SOFT,29.844318181818185,36.42215909090909,98.9071933264534,0.020708978328173023
Singapore Grand Prix,15,MEDIUM,29.844318181818185,36.42215909090909,101.66943413173651,0.0
Singapore Grand Prix,15,HARD,29.844318181818185,36.42215909090909,101.15290677674577,0.0
Singapore Grand Prix,15,MEDIUM,29.844318181818185,36.42215909090909,98.23818648373984,0.08175050813008174
Singapore Grand Prix,15,HARD,29.844318181818185,36.42215909090909,100.29225,0.034132352941176405
Singapore Grand Prix,15,MEDIUM,29.844318181818185,36.42215909090909,100.63202262491436,0.012813982898730503
Singapore Grand Prix,15,MEDIUM,29.844318181818185,36.42215909090909,101.36261764705881,0.0
Singapore Grand Prix,15,HARD,29.844318181818185,36.42215909090909,100.80882093487514,0.008204339146483865
Singapore Grand Prix,15,MEDIUM,29.844318181818185,36.42215909090909,101.72738305882353,0.0
Singapore Grand Prix,15,HARD,29.844318181818185,36.42215909090909,100.01110995670994,0.0006376623376624993
Singapore Grand Prix,15,MEDIUM,29.844318181818185,36.42215909090909,98.02441911764707,0.12856127450980384
Singapore Grand Prix,15,MEDIUM,29.844318181818185,36.42215909090909,101.40576470588235,0.0
Singapore Grand Prix,15,HARD,29.844318181818185,36.42215909090909,100.77777881736526,0.0
Singapore Grand Prix,15,SOFT,29.844318181818185,36.42215909090909,97.35508571428572,0.11162857142857127
Singapore Grand Prix,15,MEDIUM,29.844318181818185,36.42215909090909,100.8909477124183,0.0
Singapore Grand Prix,15,HARD,29.844318181818185,36.42215909090909,100.46711774891776,0.0
Singapore Grand Prix,15,MEDIUM,29.844318181818185,36.42215909090909,95.81595,0.21291029411764706
Singapore Grand Prix,15,HARD,29.844318181818185,36.42215909090909,101.45950681194893,0.0
Singapore Grand Prix,15,MEDIUM,29.844318181818185,36.42215909090909,98.97697478991596,0.0
Singapore Grand Prix,15,MEDIUM,29.844318181818185,36.42215909090909,101.42398039215686,0.0
Singapore Grand Prix,15,HARD,29.844318181818185,36.42215909090909,101.04019885229539,0.0
Japanese Grand Prix,16,MEDIUM,27.28860759493671,42.070253164556966,96.97708441558441,0.13685064935064903
Japanese Grand Prix,16,MEDIUM,27.28860759493671,42.070253164556966,97.31681578947368,0.04686992481203008
Japanese Grand Prix,16,HARD,27.28860759493671,42.070253164556966,94.91617142857142,0.1361535714285707
Japanese Grand Prix,16,MEDIUM,27.28860759493671,42.070253164556966,97.55297475455819,0.12867601683029445
Japanese Grand Prix,16,HARD,27.28860759493671,42.070253164556966,97.38228758169934,0.06684107327141395
Japanese Grand Prix,16,HARD,27.28860759493671,42.070253164556966,95.52564999999998,0.09499705882352924
Japanese Grand Prix,16,MEDIUM,27.28860759493671,42.070253164556966,98.05171428571428,0.1362380952380953
Japanese Grand Prix,16,HARD,27.28860759493671,42.070253164556966,98.42965238095238,0.027053246753246787
Japanese Grand Prix,16,HARD,27.28860759493671,42.070253164556966,96.74288970588235,0.033482843137254636
Japanese Grand Prix,16,MEDIUM,27.28860759493671,42.070253164556966,98.60392075736327,0.07289971949509048
Japanese Grand Prix,16,MEDIUM,27.28860759493671,42.070253164556966,98.03354285714283,0.04913214285714312
Japanese Grand Prix,16,HARD,27.28860759493671,42.070253164556966,96.63180392156862,0.07277502579979361
Japanese Grand Prix,16,MEDIUM,27.28860759493671,42.070253164556966,99.63773593073593,0.0
Japanese Grand Prix,16,HARD,27.28860759493671,42.070253164556966,98.180025,0.026445588235294012
Japanese Grand Prix,16,HARD,27.28860759493671,42.070253164556966,96.37430718954249,0.1003828689370483
Japanese Grand Prix,16,MEDIUM,27.28860759493671,42.070253164556966,98.92072327044025,0.04545573294629892
Japanese Grand Prix,16,MEDIUM,27.28860759493671,42.070253164556966,98.07531372549018,0.041195046439628354
Japanese Grand Prix,16,HARD,27.28860759493671,42.070253164556966,96.24841758241757,0.12455384615384592
Japanese Grand Prix,16,MEDIUM,27.28860759493671,42.070253164556966,99.62327543859651,0.0
Japanese Grand Prix,16,HARD,27.28860759493671,42.070253164556966,97.60147619047618,0.05751149425287362
Japanese Grand Prix,16,SOFT,27.28860759493671,42.070253164556966,98.8952857142857,0.06128571428571539
Japanese Grand Prix,16,HARD,27.28860759493671,42.070253164556966,97.84357432432434,0.20072297297297287
Japanese Grand Prix,16,HARD,27.28860759493671,42.070253164556966,97.253849002849,0.07091025641025657
Japanese Grand Prix,16,HARD,27.28860759493671,42.070253164556966,100.26224820735477,0.005998026445628861
Japanese Grand Prix,16,HARD,27.28860759493671,42.070253164556966,97.61949707287015,0.03264158065013103
Japanese Grand Prix,16,MEDIUM,27.28860759493671,42.070253164556966,100.21249758454107,0.0016266390614212488
Japanese Grand Prix,16,HARD,27.28860759493671,42.070253164556966,98.42884615384614,0.038582417582417865
Japanese Grand Prix,16,HARD,27.28860759493671,42.070253164556966,96.64845588235293,0.0999558823529414
Japanese Grand Prix,16,SOFT,27.28860759493671,42.070253164556966,99.0212,0.14320000000000307
Japanese Grand Prix,16,MEDIUM,27.28860759493671,42.070253164556966,99.32743115438107,0.11716133518776084
Japanese Grand Prix,16,HARD,27.28860759493671,42.070253164556966,98.65412615384615,0.00207042735042731
Japanese Grand Prix,16,MEDIUM,27.28860759493671,42.070253164556966,99.3658003436426,0.08519329896907252
Japanese Grand Prix,16,HARD,27.28860759493671,42.070253164556966,97.64712380952379,0.06494545454545445
Japanese Grand Prix,16,SOFT,27.28860759493671,42.070253164556966,99.46803578947367,0.06198105263157883
Japanese Grand Prix,16,HARD,27.28860759493671,42.070253164556966,98.32451948051948,0.003658385093167557
Japanese Grand Prix,16,MEDIUM,27.28860759493671,42.070253164556966,99.22825,0.10918749999999967
Japanese Grand Prix,16,HARD,27.28860759493671,42.070253164556966,98.44740659340661,0.04205054945054938
Japanese Grand Prix,16,MEDIUM,27.28860759493671,42.070253164556966,97.74665934065935,0.004454945054945094
Japanese Grand Prix,16,MEDIUM,27.28860759493671,42.070253164556966,100.3634,0.010699999999999942
Japanese Grand Prix,16,HARD,27.28860759493671,42.070253164556966,99.079175,0.0672735294117646
Japanese Grand Prix,16,HARD,27.28860759493671,42.070253164556966,98.01932768079801,0.04450399002493765
Japanese Grand Prix,16,SOFT,27.28860759493671,42.070253164556966,99.5537090909091,0.07160909090909065
Japanese Grand Prix,16,MEDIUM,27.28860759493671,42.070253164556966,99.68638303341902,0.08536375321336727
Japanese Grand Prix,16,SOFT,27.28860759493671,42.070253164556966,99.82253333333334,0.04834999999999899
Japanese Grand Prix,16,HARD,27.28860759493671,42.070253164556966,99.97903809523811,0.07102857142857076
Mexico City Grand Prix,19,MEDIUM,25.547368421052628,45.63947368421053,83.65344629535002,0.02470638732754234
Mexico City Grand Prix,19,HARD,25.547368421052628,45.63947368421053,82.71612121212122,0.03196853146853131
Mexico City Grand Prix,19,HARD,25.547368421052628,45.63947368421053,81.9721775910364,0.013243977591036358
Mexico City Grand Prix,19,MEDIUM,25.547368421052628,45.63947368421053,83.54633031935359,0.050035782993458976
Mexico City Grand Prix,19,HARD,25.547368421052628,45.63947368421053,83.28128571428569,0.01739285714285644
Mexico City Grand Prix,19,MEDIUM,25.547368421052628,45.63947368421053,82.5934294117647,0.0
Mexico City Grand Prix,19,MEDIUM,25.547368421052628,45.63947368421053,83.69482179220343,0.006617145750126603
Mexico City Grand Prix,19,HARD,25.547368421052628,45.63947368421053,82.98848235294118,0.0
Mexico City Grand Prix,19,MEDIUM,25.547368421052628,45.63947368421053,83.81852990787591,0.019946996237187035
Mexico City Grand Prix,19,HARD,25.547368421052628,45.63947368421053,83.2182957983193,0.0
Mexico City Grand Prix,19,SOFT,25.547368421052628,45.63947368421053,85.33169426751591,0.0
Mexico City Grand Prix,19,HARD,25.547368421052628,45.63947368421053,83.60219473684211,0.023362406015037727
Mexico City Grand Prix,19,MEDIUM,25.547368421052628,45.63947368421053,83.59352380952382,0.0
Mexico City Grand Prix,19,MEDIUM,25.547368421052628,45.63947368421053,84.11722155688624,0.017938865512218866
Mexico City Grand Prix,19,HARD,25.547368421052628,45.63947368421053,83.9042,0.0
Mexico City Grand Prix,19,MEDIUM,25.547368421052628,45.63947368421053,82.71363025210084,0.024748739495798353
Mexico City Grand Prix,19,MEDIUM,25.547368421052628,45.63947368421053,83.91508119965724,0.027962776349614624
Mexico City Grand Prix,19,HARD,25.547368421052628,45.63947368421053,83.02853501400558,0.010258543417366895
Mexico City Grand Prix,19,MEDIUM,25.547368421052628,45.63947368421053,83.88160350134666,0.03342545209696034
Mexico City Grand Prix,19,HARD,25.547368421052628,45.63947368421053,83.57926666666665,0.0
Mexico City Grand Prix,19,MEDIUM,25.547368421052628,45.63947368421053,83.49023361344537,0.0
Mexico City Grand Prix,19,HARD,25.547368421052628,45.63947368421053,84.73595155570807,0.023828157172271745
Mexico City Grand Prix,19,MEDIUM,25.547368421052628,45.63947368421053,84.01348123249299,0.0
Mexico City Grand Prix,19,HARD,25.547368421052628,45.63947368421053,85.07396817420437,0.022710217755443653
Mexico City Grand Prix,19,MEDIUM,25.547368421052628,45.63947368421053,83.99979551820729,0.0
Mexico City Grand Prix,19,MEDIUM,25.547368421052628,45.63947368421053,84.73596352583584,0.013717325227963574
Mexico City Grand Prix,19,HARD,25.547368421052628,45.63947368421053,83.89924985994399,0.0
Mexico City Grand Prix,19,MEDIUM,25.547368421052628,45.63947368421053,85.15833333333333,0.0
Mexico City Grand Prix,19,HARD,25.547368421052628,45.63947368421053,82.97990909090909,0.08809486166007899
Mexico City Grand Prix,19,HARD,25.547368421052628,45.63947368421053,82.91454452512345,0.049900900377577766
Mexico City Grand Prix,19,MEDIUM,25.547368421052628,45.63947368421053,84.56805434555703,0.028263934312156104
Mexico City Grand Prix,19,HARD,25.547368421052628,45.63947368421053,84.31200000000001,0.0
Mexico City Grand Prix,19,MEDIUM,25.547368421052628,45.63947368421053,83.35944942067736,0.043916109625668505
Mexico City Grand Prix,19,MEDIUM,25.547368421052628,45.63947368421053,84.46395676691729,0.06369235588972441
Mexico City Grand Prix,19,HARD,25.547368421052628,45.63947368421053,83.77206666666666,0.14289696969696955
Mexico City Grand Prix,19,HARD,25.547368421052628,45.63947368421053,84.79611372549019,0.0
Mexico City Grand Prix,19,MEDIUM,25.547368421052628,45.63947368421053,84.71393401586319,0.02954953029195017
Mexico City Grand Prix,19,HARD,25.547368421052628,45.63947368421053,83.41468195364239,0.03294188741721845
Mexico City Grand Prix,19,MEDIUM,25.547368421052628,45.63947368421053,85.0741884811519,0.007411858814118654
Mexico City Grand Prix,19,HARD,25.547368421052628,45.63947368421053,82.83003571428571,0.34279761904761974
Mexico City Grand Prix,19,MEDIUM,25.547368421052628,45.63947368421053,83.796284644767,0.014014820473643904
Mexico City Grand Prix,19,MEDIUM,25.547368421052628,45.63947368421053,85.29402301476186,0.0
Mexico City Grand Prix,19,HARD,25.547368421052628,45.63947368421053,83.69677241379308,0.011528078817734115
Mexico City Grand Prix,19,MEDIUM,25.547368421052628,45.63947368421053,85.53710381888861,0.0
Mexico City Grand Prix,19,HARD,25.547368421052628,45.63947368421053,85.33436363636365,0.0
Mexico City Grand Prix,19,MEDIUM,25.547368421052628,45.63947368421053,84.59478846287662,0.05104947463642092
Mexico City Grand Prix,19,HARD,25.547368421052628,45.63947368421053,82.74271428571429,0.3938214285714286
Las Vegas Grand Prix,21,MEDIUM,18.05,17.99444444444444,101.31538888888888,0.0
Las Vegas Grand Prix,21,HARD,18.05,17.99444444444444,98.4835,0.009000000000000176
Las Vegas Grand Prix,21,HARD,18.05,17.99444444444444,97.74909881422926,0.0
Las Vegas Grand Prix,21,MEDIUM,18.05,17.99444444444444,100.93083516483516,0.0
Las Vegas Grand Prix,21,HARD,18.05,17.99444444444444,98.73985146146566,0.0
Las Vegas Grand Prix,21,HARD,18.05,17.99444444444444,101.22596078431373,0.0
Las Vegas Grand Prix,21,HARD,18.05,17.99444444444444,98.04600677583286,0.0
Las Vegas Grand Prix,21,MEDIUM,18.05,17.99444444444444,99.85985314685317,0.008751748251747684
Las Vegas Grand Prix,21,HARD,18.05,17.99444444444444,98.5200269258554,0.0
Las Vegas Grand Prix,21,HARD,18.05,17.99444444444444,100.51717281968969,0.0
Las Vegas Grand Prix,21,HARD,18.05,17.99444444444444,98.90196555618292,0.0
Las Vegas Grand Prix,21,HARD,18.05,17.99444444444444,100.59763742690058,0.0
Las Vegas Grand Prix,21,HARD,18.05,17.99444444444444,99.46789553924336,0.0
Las Vegas Grand Prix,21,HARD,18.05,17.99444444444444,100.91119999999998,0.0
Las Vegas Grand Prix,21,MEDIUM,18.05,17.99444444444444,99.80414285714285,0.0
Las Vegas Grand Prix,21,HARD,18.05,17.99444444444444,99.40994861660079,0.0
Las Vegas Grand Prix,21,MEDIUM,18.05,17.99444444444444,103.30797619047621,0.0
Las Vegas Grand Prix,21,HARD,18.05,17.99444444444444,98.9168611111111,0.03245000000000051
Las Vegas Grand Prix,21,HARD,18.05,17.99444444444444,99.44545115753812,0.0
Las Vegas Grand Prix,21,HARD,18.05,17.99444444444444,100.97673649810802,0.0
Las Vegas Grand Prix,21,HARD,18.05,17.99444444444444,99.21979107848675,0.0
Las Vegas Grand Prix,21,HARD,18.05,17.99444444444444,102.55246428571428,0.0
Las Vegas Grand Prix,21,HARD,18.05,17.99444444444444,98.45236940801568,0.0
Las Vegas Grand Prix,21,MEDIUM,18.05,17.99444444444444,95.74717142857143,0.02162857142857237
Las Vegas Grand Prix,21,MEDIUM,18.05,17.99444444444444,98.96672222222223,0.07483333333333231
Las Vegas Grand Prix,21,HARD,18.05,17.99444444444444,98.94593868628998,0.0
Las Vegas Grand Prix,21,MEDIUM,18.05,17.99444444444444,100.6585,0.0
Las Vegas Grand Prix,21,HARD,18.05,17.99444444444444,99.3246712866386,0.0
Las Vegas Grand Prix,21,MEDIUM,18.05,17.99444444444444,103.8541142857143,0.0
Las Vegas Grand Prix,21,HARD,18.05,17.99444444444444,99.96006666666665,0.0
Las Vegas Grand Prix,21,HARD,18.05,17.99444444444444,99.43350649350651,0.0
Las Vegas Grand Prix,21,MEDIUM,18.05,17.99444444444444,101.51846666666667,0.0
Las Vegas Grand Prix,21,HARD,18.05,17.99444444444444,99.93587675070029,0.0
Las Vegas Grand Prix,21,HARD,18.05,17.99444444444444,100.3999054007568,0.013794633642930862
Las Vegas Grand Prix,21,MEDIUM,18.05,17.99444444444444,98.60480124223605,0.012419536984754183
Las Vegas Grand Prix,21,MEDIUM,18.05,17.99444444444444,99.56149999999998,0.07696428571428623
Las Vegas Grand Prix,21,HARD,18.05,17.99444444444444,99.40000398372146,0.0
Las Vegas Grand Prix,21,HARD,18.05,17.99444444444444,101.25201167315174,0.0
Las Vegas Grand Prix,21,MEDIUM,18.05,17.99444444444444,102.37686363636364,0.0
Las Vegas Grand Prix,21,MEDIUM,18.05,17.99444444444444,99.70938888888888,0.11590000000000061
Las Vegas Grand Prix,21,HARD,18.05,17.99444444444444,101.58639755990328,0.0
Las Vegas Grand Prix,21,HARD,18.05,17.99444444444444,99.51965151515151,0.02341258741258785
Las Vegas Grand Prix,21,HARD,18.05,17.99444444444444,99.67275490196079,0.0
Abu Dhabi Grand Prix,22,MEDIUM,26.962820512820517,33.46089743589744,90.75283823529409,0.0028132352941182014
Abu Dhabi Grand Prix,22,HARD,26.962820512820517,33.46089743589744,89.40103384615384,0.0
Abu Dhabi Grand Prix,22,HARD,26.962820512820517,33.46089743589744,87.58813186813187,0.03438241758241801
Abu Dhabi Grand Prix,22,MEDIUM,26.962820512820517,33.46089743589744,90.443375,0.03555882352941149
Abu Dhabi Grand Prix,22,HARD,26.962820512820517,33.46089743589744,89.62084558823528,0.015311274509804063
Abu Dhabi Grand Prix,22,HARD,26.962820512820517,33.46089743589744,88.2402987012987,0.03645228684359133
Abu Dhabi Grand Prix,22,MEDIUM,26.962820512820517,33.46089743589744,90.71153846153848,0.04412087912087944
Abu Dhabi Grand Prix,22,HARD,26.962820512820517,33.46089743589744,89.76289473684211,0.0014894736842103358
Abu Dhabi Grand Prix,22,HARD,26.962820512820517,33.46089743589744,88.68837549407114,0.001646245059288438
Abu Dhabi Grand Prix,22,MEDIUM,26.962820512820517,33.46089743589744,90.82590476190477,0.031753571428571395
Abu Dhabi Grand Prix,22,HARD,26.962820512820517,33.46089743589744,89.43485869565217,0.0
Abu Dhabi Grand Prix,22,HARD,26.962820512820517,33.46089743589744,87.8398380952381,0.015053571428571338
Abu Dhabi Grand Prix,22,MEDIUM,26.962820512820517,33.46089743589744,90.34573076923076,0.08023626373626355
Abu Dhabi Grand Prix,22,HARD,26.962820512820517,33.46089743589744,89.78697385620914,0.009453044375645037
Abu Dhabi Grand Prix,22,HARD,26.962820512820517,33.46089743589744,89.25578260869565,0.0
Abu Dhabi Grand Prix,22,MEDIUM,26.962820512820517,33.46089743589744,90.47092424242426,0.12463986013985974
Abu Dhabi Grand Prix,22,HARD,26.962820512820517,33.46089743589744,90.2218051948052,0.0
Abu Dhabi Grand Prix,22,HARD,26.962820512820517,33.46089743589744,88.61780476190476,0.006541558441558296
Abu Dhabi Grand Prix,22,MEDIUM,26.962820512820517,33.46089743589744,90.97159999999998,0.008454545454546571
Abu Dhabi Grand Prix,22,HARD,26.962820512820517,33.46089743589744,90.23996936758891,0.005781620553359949
Abu Dhabi Grand Prix,22,HARD,26.962820512820517,33.46089743589744,88.75212727272728,0.004787012987012847
Abu Dhabi Grand Prix,22,MEDIUM,26.962820512820517,33.46089743589744,90.78275714285714,0.033905194805194515
Abu Dhabi Grand Prix,22,HARD,26.962820512820517,33.46089743589744,89.95290588235295,0.0
Abu Dhabi Grand Prix,22,MEDIUM,26.962820512820517,33.46089743589744,91.02553846153846,0.03099999999999998
Abu Dhabi Grand Prix,22,HARD,26.962820512820517,33.46089743589744,89.9884210526316,0.0028578947368421877
Abu Dhabi Grand Prix,22,HARD,26.962820512820517,33.46089743589744,89.14777922077921,0.0
Abu Dhabi Grand Prix,22,HARD,26.962820512820517,33.46089743589744,91.07648311688313,0.014674025974026228
Abu Dhabi Grand Prix,22,HARD,26.962820512820517,33.46089743589744,89.53685789473683,0.05208947368421071
Abu Dhabi Grand Prix,22,MEDIUM,26.962820512820517,33.46089743589744,88.00180952380954,0.11588214285714307
Abu Dhabi Grand Prix,22,MEDIUM,26.962820512820517,33.46089743589744,91.8018,0.009342857142855474
Abu Dhabi Grand Prix,22,HARD,26.962820512820517,33.46089743589744,89.96072727272728,0.06170750988142274
Abu Dhabi Grand Prix,22,HARD,26.962820512820517,33.46089743589744,90.09319384615387,0.0
Abu Dhabi Grand Prix,22,MEDIUM,26.962820512820517,33.46089743589744,90.95592307692309,0.04075824175824178
Abu Dhabi Grand Prix,22,HARD,26.962820512820517,33.46089743589744,90.50367595818817,0.0
Abu Dhabi Grand Prix,22,MEDIUM,26.962820512820517,33.46089743589744,90.69037142857141,0.08357857142857143
Abu Dhabi Grand Prix,22,HARD,26.962820512820517,33.46089743589744,90.1383186813187,0.06448131868131846
Abu Dhabi Grand Prix,22,HARD,26.962820512820517,33.46089743589744,89.68906,0.0
Abu Dhabi Grand Prix,22,MEDIUM,26.962820512820517,33.46089743589744,91.48581868131869,0.022225274725274972
Abu Dhabi Grand Prix,22,HARD,26.962820512820517,33.46089743589744,90.41824,0.005392478632478698
Abu Dhabi Grand Prix,22,HARD,26.962820512820517,33.46089743589744,88.52298901098902,0.019525274725274766
Abu Dhabi Grand Prix,22,MEDIUM,26.962820512820517,33.46089743589744,91.68049090909092,0.0
Abu Dhabi Grand Prix,22,HARD,26.962820512820517,33.46089743589744,90.35291228070176,0.06462982456140363
Abu Dhabi Grand Prix,22,HARD,26.962820512820517,33.46089743589744,89.93950362318841,0.0
Abu Dhabi Grand Prix,22,MEDIUM,26.962820512820517,33.46089743589744,91.41302214452215,0.036360139860139605
Abu Dhabi Grand Prix,22,HARD,26.962820512820517,33.46089743589744,90.18524999999998,0.05565153846153846
Abu Dhabi Grand Prix,22,HARD,26.962820512820517,33.46089743589744,88.80955,0.027119117647059234
Abu Dhabi Grand Prix,22,MEDIUM,26.962820512820517,33.46089743589744,91.6318,0.011518181818182443
Abu Dhabi Grand Prix,22,HARD,26.962820512820517,33.46089743589744,90.75316996047431,0.01750395256917004
Abu Dhabi Grand Prix,22,MEDIUM,26.962820512820517,33.46089743589744,88.75286842105263,0.08556015037594004
Abu Dhabi Grand Prix,22,HARD,26.962820512820517,33.46089743589744,91.19189999999999,0.01655454545454519
Abu Dhabi Grand Prix,22,HARD,26.962820512820517,33.46089743589744,89.76312096774194,0.0119017595307917
Abu Dhabi Grand Prix,22,HARD,26.962820512820517,33.46089743589744,91.34902279202278,0.0433846153846155
Abu Dhabi Grand Prix,22,MEDIUM,26.962820512820517,33.46089743589744,90.30498860398862,0.01718864468864458
Abu Dhabi Grand Prix,22,HARD,26.962820512820517,33.46089743589744,90.16350476190478,0.1388285714285717
Abu Dhabi Grand Prix,22,HARD,26.962820512820517,33.46089743589744,90.61435294117648,0.0
